profile,d20_40,d40_80,d80_160,p_20_40_80,p_40_80_160,differences_decrease,quality_gates_passed,self_convergence_established,observed_order_status
u,0.004925211757663536,0.0013555441141627138,0.00033599343926543114,1.8613136897445057,2.012367096514907,True,True,True,established
v,0.006998350003687848,0.0018520551016132747,0.0004550758579298485,1.917887797170736,2.0249480641919373,True,True,True,established
